-- phpMyAdmin SQL Dump
-- version 4.1.12
-- http://www.phpmyadmin.net
--
-- Servidor: 127.0.0.1
-- Tiempo de generación: 25-11-2014 a las 23:32:02
-- Versión del servidor: 5.6.16
-- Versión de PHP: 5.5.11

SET SQL_MODE = "NO_AUTO_VALUE_ON_ZERO";
SET time_zone = "+00:00";


/*!40101 SET @OLD_CHARACTER_SET_CLIENT=@@CHARACTER_SET_CLIENT */;
/*!40101 SET @OLD_CHARACTER_SET_RESULTS=@@CHARACTER_SET_RESULTS */;
/*!40101 SET @OLD_COLLATION_CONNECTION=@@COLLATION_CONNECTION */;
/*!40101 SET NAMES utf8 */;

--
-- Base de datos: `f5_system`
--

-- --------------------------------------------------------

--
-- Estructura de tabla para la tabla `t_admin`
--

CREATE TABLE IF NOT EXISTS `t_admin` (
  `id` int(11) NOT NULL AUTO_INCREMENT,
  `user` varchar(100) NOT NULL,
  `password` varchar(100) NOT NULL,
  `name` varchar(50) NOT NULL,
  PRIMARY KEY (`id`)
) ENGINE=InnoDB  DEFAULT CHARSET=latin1 AUTO_INCREMENT=2 ;

--
-- Volcado de datos para la tabla `t_admin`
--

INSERT INTO `t_admin` (`id`, `user`, `password`, `name`) VALUES
(1, 'test', '16d7a4fca7442dda3ad93c9a726597e4', '');

-- --------------------------------------------------------

--
-- Estructura de tabla para la tabla `t_groups`
--

CREATE TABLE IF NOT EXISTS `t_groups` (
  `id` int(11) NOT NULL AUTO_INCREMENT,
  `group_name` varchar(100) NOT NULL,
  PRIMARY KEY (`id`)
) ENGINE=InnoDB  DEFAULT CHARSET=latin1 AUTO_INCREMENT=3 ;

--
-- Volcado de datos para la tabla `t_groups`
--

INSERT INTO `t_groups` (`id`, `group_name`) VALUES
(1, 'Escazu'),
(2, 'Desamparados');

-- --------------------------------------------------------

--
-- Estructura de tabla para la tabla `t_pitchs`
--

CREATE TABLE IF NOT EXISTS `t_pitchs` (
  `id` int(11) NOT NULL AUTO_INCREMENT,
  `detail` varchar(100) NOT NULL,
  `id_group` int(11) NOT NULL,
  `id_pitch` int(11) NOT NULL,
  `active` tinyint(1) NOT NULL,
  PRIMARY KEY (`id`)
) ENGINE=InnoDB  DEFAULT CHARSET=latin1 AUTO_INCREMENT=5 ;

--
-- Volcado de datos para la tabla `t_pitchs`
--

INSERT INTO `t_pitchs` (`id`, `detail`, `id_group`, `id_pitch`, `active`) VALUES
(1, 'Escazu 1', 1, 1, 1),
(2, 'Desamparados 1', 2, 1, 1),
(3, 'Desamparados 2', 2, 2, 1),
(4, 'Desamparados 3', 2, 3, 1);

-- --------------------------------------------------------

--
-- Estructura de tabla para la tabla `t_reservations`
--

CREATE TABLE IF NOT EXISTS `t_reservations` (
  `id` int(11) NOT NULL AUTO_INCREMENT,
  `name` varchar(100) NOT NULL,
  `lastname` varchar(100) NOT NULL,
  `phone` varchar(100) NOT NULL,
  `email` varchar(100) NOT NULL,
  `team_id` tinyint(4) NOT NULL,
  `type_reservation` tinyint(4) NOT NULL,
  `referee_required` tinyint(1) NOT NULL,
  `reservation_time` varchar(100) NOT NULL,
  `reservation_year` smallint(6) NOT NULL,
  `reservation_month` tinyint(4) NOT NULL,
  `reservation_day` tinyint(4) NOT NULL,
  `reservation_made_time` timestamp NOT NULL DEFAULT CURRENT_TIMESTAMP,
  `reservation_price` float NOT NULL,
  `pitch_id` smallint(6) NOT NULL,
  `group_id` smallint(6) NOT NULL,
  `active` tinyint(1) NOT NULL,
  PRIMARY KEY (`id`)
) ENGINE=InnoDB  DEFAULT CHARSET=latin1 AUTO_INCREMENT=4 ;

--
-- Volcado de datos para la tabla `t_reservations`
--

INSERT INTO `t_reservations` (`id`, `name`, `lastname`, `phone`, `email`, `team_id`, `type_reservation`, `referee_required`, `reservation_time`, `reservation_year`, `reservation_month`, `reservation_day`, `reservation_made_time`, `reservation_price`, `pitch_id`, `group_id`, `active`) VALUES
(1, 'Christian', 'Campos', '22222222', 'test@test.com', 1, 2, 0, '08-09', 2014, 9, 29, '2014-09-30 04:12:38', 500, 1, 1, 1),
(2, 'Carolina', 'Borge', '22222222', 'test1@test.com', 2, 2, 0, '08-09', 2014, 9, 29, '2014-09-30 04:15:00', 656, 1, 2, 1),
(3, 'Laura', 'Campos', '2222222', 'test2@test.com', 1, 1, 0, '09-10', 2014, 9, 29, '2014-09-30 04:18:12', 400, 1, 1, 1);

-- --------------------------------------------------------

--
-- Estructura de tabla para la tabla `t_temporary_schedule`
--

CREATE TABLE IF NOT EXISTS `t_temporary_schedule` (
  `id` int(11) NOT NULL AUTO_INCREMENT,
  `team_id` tinyint(4) NOT NULL,
  `reservation_time` varchar(100) NOT NULL,
  `reservation_year` smallint(6) NOT NULL,
  `reservation_month` tinyint(4) NOT NULL,
  `reservation_day` tinyint(4) NOT NULL,
  `pitch_id` smallint(6) NOT NULL,
  `group_id` smallint(6) NOT NULL,
  `state` tinyint(4) NOT NULL,
  `temporary_date_made` timestamp NOT NULL DEFAULT CURRENT_TIMESTAMP,
  PRIMARY KEY (`id`)
) ENGINE=InnoDB  DEFAULT CHARSET=latin1 AUTO_INCREMENT=298 ;

--
-- Volcado de datos para la tabla `t_temporary_schedule`
--

INSERT INTO `t_temporary_schedule` (`id`, `team_id`, `reservation_time`, `reservation_year`, `reservation_month`, `reservation_day`, `pitch_id`, `group_id`, `state`, `temporary_date_made`) VALUES
(1, 1, '08-09', 2014, 11, 23, 1, 1, 1, '2014-11-22 06:39:09'),
(2, 1, '09-10', 2014, 4, 1, 1, 2, 3, '2014-11-22 06:43:04'),
(3, 1, '09-10', 2014, 4, 1, 1, 2, 3, '2014-11-22 06:43:14'),
(4, 1, '09-10', 2014, 4, 1, 1, 2, 3, '2014-11-22 06:43:24'),
(5, 1, '09-10', 2014, 4, 1, 1, 2, 3, '2014-11-22 06:43:34'),
(6, 1, '09-10', 2014, 4, 1, 1, 2, 3, '2014-11-22 06:43:44'),
(7, 1, '09-10', 2014, 4, 1, 1, 2, 3, '2014-11-22 06:43:54'),
(8, 1, '09-10', 2014, 4, 1, 1, 2, 3, '2014-11-22 06:44:04'),
(9, 1, '09-10', 2014, 4, 1, 1, 2, 3, '2014-11-22 06:44:14'),
(10, 1, '09-10', 2014, 4, 1, 1, 2, 3, '2014-11-22 06:44:24'),
(11, 1, '09-10', 2014, 4, 1, 1, 2, 3, '2014-11-22 06:44:34'),
(12, 1, '09-10', 2014, 4, 1, 1, 2, 3, '2014-11-22 06:44:44'),
(13, 1, '09-10', 2014, 4, 1, 1, 2, 3, '2014-11-22 06:44:54'),
(14, 1, '09-10', 2014, 4, 1, 1, 2, 3, '2014-11-22 06:45:04'),
(15, 1, '09-10', 2014, 4, 1, 1, 2, 3, '2014-11-22 06:45:14'),
(16, 1, '09-10', 2014, 4, 1, 1, 2, 3, '2014-11-22 06:45:24'),
(17, 1, '09-10', 2014, 4, 1, 1, 2, 3, '2014-11-22 06:45:34'),
(18, 1, '09-10', 2014, 4, 1, 1, 2, 3, '2014-11-22 06:45:44'),
(19, 1, '09-10', 2014, 4, 1, 1, 2, 3, '2014-11-23 05:11:14'),
(20, 1, '09-10', 2014, 4, 1, 1, 2, 3, '2014-11-23 05:11:24'),
(21, 1, '09-10', 2014, 4, 1, 1, 2, 3, '2014-11-23 05:11:34'),
(22, 1, '09-10', 2014, 4, 1, 1, 2, 3, '2014-11-23 05:11:44'),
(23, 1, '09-10', 2014, 4, 1, 1, 2, 3, '2014-11-23 05:11:54'),
(24, 1, '09-10', 2014, 4, 1, 1, 2, 3, '2014-11-23 05:12:04'),
(25, 1, '09-10', 2014, 4, 1, 1, 2, 3, '2014-11-23 05:12:14'),
(26, 1, '09-10', 2014, 4, 1, 1, 2, 3, '2014-11-23 05:12:24'),
(27, 1, '09-10', 2014, 4, 1, 1, 2, 3, '2014-11-23 05:12:34'),
(28, 1, '09-10', 2014, 4, 1, 1, 2, 3, '2014-11-23 05:12:44'),
(29, 1, '09-10', 2014, 4, 1, 1, 2, 3, '2014-11-23 05:12:54'),
(30, 1, '09-10', 2014, 4, 1, 1, 2, 3, '2014-11-23 05:13:04'),
(31, 1, '09-10', 2014, 4, 1, 1, 2, 3, '2014-11-23 05:13:14'),
(32, 1, '09-10', 2014, 4, 1, 1, 2, 3, '2014-11-23 05:13:24'),
(33, 1, '09-10', 2014, 4, 1, 1, 2, 3, '2014-11-23 05:13:34'),
(34, 1, '09-10', 2014, 4, 1, 1, 2, 3, '2014-11-23 05:13:44'),
(35, 1, '09-10', 2014, 4, 1, 1, 2, 3, '2014-11-23 05:13:54'),
(36, 1, '09-10', 2014, 4, 1, 1, 2, 3, '2014-11-23 05:14:04'),
(37, 1, '09-10', 2014, 4, 1, 1, 2, 3, '2014-11-23 05:14:14'),
(38, 1, '09-10', 2014, 4, 1, 1, 2, 3, '2014-11-23 05:14:24'),
(39, 1, '09-10', 2014, 4, 1, 1, 2, 3, '2014-11-23 05:14:34'),
(40, 1, '09-10', 2014, 4, 1, 1, 2, 3, '2014-11-23 05:14:44'),
(41, 1, '09-10', 2014, 4, 1, 1, 2, 3, '2014-11-23 05:14:54'),
(42, 1, '09-10', 2014, 4, 1, 1, 2, 3, '2014-11-23 05:15:04'),
(43, 1, '09-10', 2014, 4, 1, 1, 2, 3, '2014-11-23 05:15:14'),
(44, 1, '09-10', 2014, 4, 1, 1, 2, 3, '2014-11-23 05:15:24'),
(45, 1, '09-10', 2014, 4, 1, 1, 2, 3, '2014-11-23 05:15:34'),
(46, 1, '09-10', 2014, 4, 1, 1, 2, 3, '2014-11-23 05:15:44'),
(47, 1, '09-10', 2014, 4, 1, 1, 2, 3, '2014-11-23 05:15:54'),
(48, 1, '09-10', 2014, 4, 1, 1, 2, 3, '2014-11-23 05:16:04'),
(49, 1, '09-10', 2014, 4, 1, 1, 2, 3, '2014-11-23 05:16:14'),
(50, 1, '09-10', 2014, 4, 1, 1, 2, 3, '2014-11-23 05:16:24'),
(51, 1, '09-10', 2014, 4, 1, 1, 2, 3, '2014-11-23 05:16:34'),
(52, 1, '09-10', 2014, 4, 1, 1, 2, 3, '2014-11-23 05:16:44'),
(53, 1, '09-10', 2014, 4, 1, 1, 2, 3, '2014-11-23 05:16:54'),
(54, 1, '09-10', 2014, 4, 1, 1, 2, 3, '2014-11-23 05:17:04'),
(55, 1, '09-10', 2014, 4, 1, 1, 2, 3, '2014-11-23 05:17:14'),
(56, 1, '09-10', 2014, 4, 1, 1, 2, 3, '2014-11-23 05:17:24'),
(57, 1, '09-10', 2014, 4, 1, 1, 2, 3, '2014-11-23 05:17:34'),
(58, 1, '09-10', 2014, 4, 1, 1, 2, 3, '2014-11-23 05:17:44'),
(59, 1, '09-10', 2014, 4, 1, 1, 2, 3, '2014-11-23 05:17:54'),
(60, 1, '09-10', 2014, 4, 1, 1, 2, 3, '2014-11-23 05:18:04'),
(61, 1, '09-10', 2014, 4, 1, 1, 2, 3, '2014-11-23 05:18:14'),
(62, 1, '09-10', 2014, 4, 1, 1, 2, 3, '2014-11-23 05:18:24'),
(63, 1, '09-10', 2014, 4, 1, 1, 2, 3, '2014-11-23 05:18:34'),
(64, 1, '09-10', 2014, 4, 1, 1, 2, 3, '2014-11-23 05:18:44'),
(65, 1, '09-10', 2014, 4, 1, 1, 2, 3, '2014-11-23 05:18:54'),
(66, 1, '09-10', 2014, 4, 1, 1, 2, 3, '2014-11-23 05:19:04'),
(67, 1, '09-10', 2014, 4, 1, 1, 2, 3, '2014-11-23 05:19:14'),
(68, 1, '09-10', 2014, 4, 1, 1, 2, 3, '2014-11-23 05:19:24'),
(69, 1, '09-10', 2014, 4, 1, 1, 2, 3, '2014-11-23 05:19:35'),
(70, 1, '09-10', 2014, 4, 1, 1, 2, 3, '2014-11-23 05:19:44'),
(71, 1, '09-10', 2014, 4, 1, 1, 2, 3, '2014-11-23 05:19:54'),
(72, 1, '09-10', 2014, 4, 1, 1, 2, 3, '2014-11-23 05:20:04'),
(73, 1, '09-10', 2014, 4, 1, 1, 2, 3, '2014-11-23 05:20:14'),
(74, 1, '09-10', 2014, 4, 1, 1, 2, 3, '2014-11-23 05:20:24'),
(75, 1, '09-10', 2014, 4, 1, 1, 2, 3, '2014-11-23 05:20:34'),
(76, 1, '09-10', 2014, 4, 1, 1, 2, 3, '2014-11-23 05:20:44'),
(77, 1, '09-10', 2014, 4, 1, 1, 2, 3, '2014-11-23 05:20:54'),
(78, 1, '09-10', 2014, 4, 1, 1, 2, 3, '2014-11-23 05:21:04'),
(79, 1, '09-10', 2014, 4, 1, 1, 2, 3, '2014-11-23 05:21:14'),
(80, 1, '09-10', 2014, 4, 1, 1, 2, 3, '2014-11-23 05:21:24'),
(81, 1, '09-10', 2014, 4, 1, 1, 2, 3, '2014-11-23 05:21:34'),
(82, 1, '09-10', 2014, 4, 1, 1, 2, 3, '2014-11-23 05:21:44'),
(83, 1, '09-10', 2014, 4, 1, 1, 2, 3, '2014-11-23 05:21:54'),
(84, 1, '09-10', 2014, 4, 1, 1, 2, 3, '2014-11-23 05:22:04'),
(85, 1, '09-10', 2014, 4, 1, 1, 2, 3, '2014-11-23 05:22:14'),
(86, 1, '09-10', 2014, 4, 1, 1, 2, 3, '2014-11-23 05:22:24'),
(87, 1, '09-10', 2014, 4, 1, 1, 2, 3, '2014-11-23 05:22:34'),
(88, 1, '09-10', 2014, 4, 1, 1, 2, 3, '2014-11-23 05:22:44'),
(89, 1, '09-10', 2014, 4, 1, 1, 2, 3, '2014-11-23 05:22:54'),
(90, 1, '09-10', 2014, 4, 1, 1, 2, 3, '2014-11-23 05:23:04'),
(91, 1, '09-10', 2014, 4, 1, 1, 2, 3, '2014-11-23 05:23:14'),
(92, 1, '09-10', 2014, 4, 1, 1, 2, 3, '2014-11-23 05:23:24'),
(93, 1, '09-10', 2014, 4, 1, 1, 2, 3, '2014-11-23 05:23:34'),
(94, 1, '09-10', 2014, 4, 1, 1, 2, 3, '2014-11-23 05:23:44'),
(95, 1, '09-10', 2014, 4, 1, 1, 2, 3, '2014-11-23 05:23:54'),
(96, 1, '09-10', 2014, 4, 1, 1, 2, 3, '2014-11-23 05:24:04'),
(97, 1, '09-10', 2014, 4, 1, 1, 2, 3, '2014-11-23 05:24:14'),
(98, 1, '09-10', 2014, 4, 1, 1, 2, 3, '2014-11-23 05:24:24'),
(99, 1, '09-10', 2014, 4, 1, 1, 2, 3, '2014-11-23 05:24:34'),
(100, 1, '09-10', 2014, 4, 1, 1, 2, 3, '2014-11-23 05:24:44'),
(101, 1, '09-10', 2014, 4, 1, 1, 2, 3, '2014-11-23 05:24:54'),
(102, 1, '09-10', 2014, 4, 1, 1, 2, 3, '2014-11-23 05:25:04'),
(103, 1, '09-10', 2014, 4, 1, 1, 2, 3, '2014-11-23 05:25:14'),
(104, 1, '09-10', 2014, 4, 1, 1, 2, 3, '2014-11-23 05:25:24'),
(105, 1, '09-10', 2014, 4, 1, 1, 2, 3, '2014-11-23 05:25:34'),
(106, 1, '09-10', 2014, 4, 1, 1, 2, 3, '2014-11-23 05:25:44'),
(107, 1, '09-10', 2014, 4, 1, 1, 2, 3, '2014-11-23 05:25:54'),
(108, 1, '09-10', 2014, 4, 1, 1, 2, 3, '2014-11-23 05:26:04'),
(109, 1, '09-10', 2014, 4, 1, 1, 2, 3, '2014-11-23 05:26:14'),
(110, 1, '09-10', 2014, 4, 1, 1, 2, 3, '2014-11-23 05:26:24'),
(111, 1, '09-10', 2014, 4, 1, 1, 2, 3, '2014-11-23 05:26:34'),
(112, 1, '09-10', 2014, 4, 1, 1, 2, 3, '2014-11-23 05:26:44'),
(113, 1, '09-10', 2014, 4, 1, 1, 2, 3, '2014-11-23 05:26:54'),
(114, 1, '09-10', 2014, 4, 1, 1, 2, 3, '2014-11-23 05:27:04'),
(115, 1, '09-10', 2014, 4, 1, 1, 2, 3, '2014-11-23 05:27:14'),
(116, 1, '09-10', 2014, 4, 1, 1, 2, 3, '2014-11-23 05:27:24'),
(117, 1, '09-10', 2014, 4, 1, 1, 2, 3, '2014-11-23 05:27:34'),
(118, 1, '09-10', 2014, 4, 1, 1, 2, 3, '2014-11-23 05:27:44'),
(119, 1, '09-10', 2014, 4, 1, 1, 2, 3, '2014-11-23 05:27:54'),
(120, 1, '09-10', 2014, 4, 1, 1, 2, 3, '2014-11-23 05:28:04'),
(121, 1, '09-10', 2014, 4, 1, 1, 2, 3, '2014-11-23 05:28:14'),
(122, 1, '09-10', 2014, 4, 1, 1, 2, 3, '2014-11-23 05:28:24'),
(123, 1, '09-10', 2014, 4, 1, 1, 2, 3, '2014-11-23 05:28:34'),
(124, 1, '09-10', 2014, 4, 1, 1, 2, 3, '2014-11-23 05:28:44'),
(125, 1, '09-10', 2014, 4, 1, 1, 2, 3, '2014-11-23 05:28:54'),
(126, 1, '09-10', 2014, 4, 1, 1, 2, 3, '2014-11-23 05:29:04'),
(127, 1, '09-10', 2014, 4, 1, 1, 2, 3, '2014-11-23 05:29:14'),
(128, 1, '09-10', 2014, 4, 1, 1, 2, 3, '2014-11-23 05:29:24'),
(129, 1, '09-10', 2014, 4, 1, 1, 2, 3, '2014-11-23 05:29:34'),
(130, 1, '09-10', 2014, 4, 1, 1, 2, 3, '2014-11-23 05:29:44'),
(131, 1, '09-10', 2014, 4, 1, 1, 2, 3, '2014-11-23 05:29:54'),
(132, 1, '09-10', 2014, 4, 1, 1, 2, 3, '2014-11-23 05:30:04'),
(133, 1, '09-10', 2014, 4, 1, 1, 2, 3, '2014-11-23 05:30:14'),
(134, 1, '09-10', 2014, 4, 1, 1, 2, 3, '2014-11-23 05:30:24'),
(135, 1, '09-10', 2014, 4, 1, 1, 2, 3, '2014-11-23 05:30:34'),
(136, 1, '09-10', 2014, 4, 1, 1, 2, 3, '2014-11-23 05:30:44'),
(137, 1, '09-10', 2014, 4, 1, 1, 2, 3, '2014-11-23 05:30:54'),
(138, 1, '09-10', 2014, 4, 1, 1, 2, 3, '2014-11-23 05:31:04'),
(139, 1, '09-10', 2014, 4, 1, 1, 2, 3, '2014-11-23 05:31:14'),
(140, 1, '09-10', 2014, 4, 1, 1, 2, 3, '2014-11-23 05:31:24'),
(141, 1, '09-10', 2014, 4, 1, 1, 2, 3, '2014-11-23 05:31:34'),
(142, 1, '09-10', 2014, 4, 1, 1, 2, 3, '2014-11-23 05:31:44'),
(143, 1, '09-10', 2014, 4, 1, 1, 2, 3, '2014-11-23 05:31:54'),
(144, 1, '09-10', 2014, 4, 1, 1, 2, 3, '2014-11-23 05:32:04'),
(145, 1, '09-10', 2014, 4, 1, 1, 2, 3, '2014-11-23 05:32:14'),
(146, 1, '09-10', 2014, 4, 1, 1, 2, 3, '2014-11-23 05:32:24'),
(147, 1, '09-10', 2014, 4, 1, 1, 2, 3, '2014-11-23 05:32:34'),
(148, 1, '09-10', 2014, 4, 1, 1, 2, 3, '2014-11-23 05:32:44'),
(149, 1, '09-10', 2014, 4, 1, 1, 2, 3, '2014-11-23 05:32:54'),
(150, 1, '09-10', 2014, 4, 1, 1, 2, 3, '2014-11-23 05:33:04'),
(151, 1, '09-10', 2014, 4, 1, 1, 2, 3, '2014-11-23 05:33:14'),
(152, 1, '09-10', 2014, 4, 1, 1, 2, 3, '2014-11-23 05:33:24'),
(153, 1, '09-10', 2014, 4, 1, 1, 2, 3, '2014-11-23 05:33:34'),
(154, 1, '09-10', 2014, 4, 1, 1, 2, 3, '2014-11-23 05:33:44'),
(155, 1, '09-10', 2014, 4, 1, 1, 2, 3, '2014-11-23 05:33:54'),
(156, 1, '09-10', 2014, 4, 1, 1, 2, 3, '2014-11-23 05:34:04'),
(157, 1, '09-10', 2014, 4, 1, 1, 2, 3, '2014-11-23 05:34:14'),
(158, 1, '09-10', 2014, 4, 1, 1, 2, 3, '2014-11-23 05:34:24'),
(159, 1, '09-10', 2014, 4, 1, 1, 2, 3, '2014-11-23 05:34:34'),
(160, 1, '09-10', 2014, 4, 1, 1, 2, 3, '2014-11-23 05:34:44'),
(161, 1, '09-10', 2014, 4, 1, 1, 2, 3, '2014-11-23 05:34:54'),
(162, 1, '09-10', 2014, 4, 1, 1, 2, 3, '2014-11-23 05:35:04'),
(163, 1, '09-10', 2014, 4, 1, 1, 2, 3, '2014-11-23 05:35:14'),
(164, 1, '09-10', 2014, 4, 1, 1, 2, 3, '2014-11-23 05:35:24'),
(165, 1, '09-10', 2014, 4, 1, 1, 2, 3, '2014-11-23 05:35:34'),
(166, 1, '09-10', 2014, 4, 1, 1, 2, 3, '2014-11-23 05:35:44'),
(167, 1, '09-10', 2014, 4, 1, 1, 2, 3, '2014-11-23 05:35:54'),
(168, 1, '09-10', 2014, 4, 1, 1, 2, 3, '2014-11-23 05:36:04'),
(169, 1, '09-10', 2014, 4, 1, 1, 2, 3, '2014-11-23 05:36:14'),
(170, 1, '09-10', 2014, 4, 1, 1, 2, 3, '2014-11-23 05:36:24'),
(171, 1, '09-10', 2014, 4, 1, 1, 2, 3, '2014-11-23 05:36:34'),
(172, 1, '09-10', 2014, 4, 1, 1, 2, 3, '2014-11-23 05:36:44'),
(173, 1, '09-10', 2014, 4, 1, 1, 2, 3, '2014-11-23 05:36:54'),
(174, 1, '09-10', 2014, 4, 1, 1, 2, 3, '2014-11-23 05:37:04'),
(175, 1, '09-10', 2014, 4, 1, 1, 2, 3, '2014-11-23 05:37:14'),
(176, 1, '09-10', 2014, 4, 1, 1, 2, 3, '2014-11-23 05:37:24'),
(177, 1, '09-10', 2014, 4, 1, 1, 2, 3, '2014-11-23 05:37:34'),
(178, 1, '09-10', 2014, 4, 1, 1, 2, 3, '2014-11-23 05:37:44'),
(179, 1, '09-10', 2014, 4, 1, 1, 2, 3, '2014-11-23 05:37:54'),
(180, 1, '09-10', 2014, 4, 1, 1, 2, 3, '2014-11-23 05:38:04'),
(181, 1, '09-10', 2014, 4, 1, 1, 2, 3, '2014-11-23 05:38:14'),
(182, 1, '09-10', 2014, 4, 1, 1, 2, 3, '2014-11-23 05:38:24'),
(183, 1, '09-10', 2014, 4, 1, 1, 2, 3, '2014-11-23 05:38:34'),
(184, 1, '09-10', 2014, 4, 1, 1, 2, 3, '2014-11-23 05:38:44'),
(185, 1, '09-10', 2014, 4, 1, 1, 2, 3, '2014-11-23 05:38:54'),
(186, 1, '09-10', 2014, 4, 1, 1, 2, 3, '2014-11-23 05:39:04'),
(187, 1, '09-10', 2014, 4, 1, 1, 2, 3, '2014-11-23 05:39:14'),
(188, 1, '09-10', 2014, 4, 1, 1, 2, 3, '2014-11-23 05:39:24'),
(189, 1, '09-10', 2014, 4, 1, 1, 2, 3, '2014-11-23 05:39:34'),
(190, 1, '09-10', 2014, 4, 1, 1, 2, 3, '2014-11-23 05:39:44'),
(191, 1, '09-10', 2014, 4, 1, 1, 2, 3, '2014-11-23 05:39:54'),
(192, 1, '09-10', 2014, 4, 1, 1, 2, 3, '2014-11-23 05:40:04'),
(193, 1, '09-10', 2014, 4, 1, 1, 2, 3, '2014-11-23 05:40:14'),
(194, 1, '09-10', 2014, 4, 1, 1, 2, 3, '2014-11-23 05:40:24'),
(195, 1, '09-10', 2014, 4, 1, 1, 2, 3, '2014-11-23 05:40:34'),
(196, 1, '09-10', 2014, 4, 1, 1, 2, 3, '2014-11-23 05:40:44'),
(197, 1, '09-10', 2014, 4, 1, 1, 2, 3, '2014-11-23 05:40:54'),
(198, 1, '09-10', 2014, 4, 1, 1, 2, 3, '2014-11-23 05:41:04'),
(199, 1, '09-10', 2014, 4, 1, 1, 2, 3, '2014-11-23 06:01:24'),
(200, 1, '09-10', 2014, 4, 1, 1, 2, 3, '2014-11-23 06:01:34'),
(201, 1, '09-10', 2014, 4, 1, 1, 2, 3, '2014-11-23 06:01:44'),
(202, 1, '09-10', 2014, 4, 1, 1, 2, 3, '2014-11-23 06:01:54'),
(203, 1, '09-10', 2014, 4, 1, 1, 2, 3, '2014-11-23 06:02:04'),
(204, 1, '09-10', 2014, 4, 1, 1, 2, 3, '2014-11-23 06:02:14'),
(205, 1, '09-10', 2014, 4, 1, 1, 2, 3, '2014-11-23 06:02:24'),
(206, 1, '09-10', 2014, 4, 1, 1, 2, 3, '2014-11-23 06:02:34'),
(207, 1, '09-10', 2014, 4, 1, 1, 2, 3, '2014-11-23 06:02:44'),
(208, 1, '09-10', 2014, 4, 1, 1, 2, 3, '2014-11-23 06:02:54'),
(209, 1, '09-10', 2014, 4, 1, 1, 2, 3, '2014-11-23 06:03:04'),
(210, 1, '09-10', 2014, 4, 1, 1, 2, 3, '2014-11-23 06:03:14'),
(211, 1, '09-10', 2014, 4, 1, 1, 2, 3, '2014-11-23 06:03:24'),
(212, 1, '09-10', 2014, 4, 1, 1, 2, 3, '2014-11-23 06:03:35'),
(213, 1, '09-10', 2014, 4, 1, 1, 2, 3, '2014-11-23 06:03:44'),
(214, 1, '09-10', 2014, 4, 1, 1, 2, 3, '2014-11-23 06:03:54'),
(215, 1, '09-10', 2014, 4, 1, 1, 2, 3, '2014-11-23 06:04:04'),
(216, 1, '09-10', 2014, 4, 1, 1, 2, 3, '2014-11-23 06:04:14'),
(217, 1, '09-10', 2014, 4, 1, 1, 2, 3, '2014-11-23 06:04:24'),
(218, 1, '09-10', 2014, 4, 1, 1, 2, 3, '2014-11-23 06:04:34'),
(219, 1, '09-10', 2014, 4, 1, 1, 2, 3, '2014-11-23 06:04:44'),
(220, 1, '09-10', 2014, 4, 1, 1, 2, 3, '2014-11-23 06:04:54'),
(221, 1, '09-10', 2014, 4, 1, 1, 2, 3, '2014-11-23 06:05:04'),
(222, 1, '09-10', 2014, 4, 1, 1, 2, 3, '2014-11-23 06:05:14'),
(223, 1, '09-10', 2014, 4, 1, 1, 2, 3, '2014-11-23 06:05:24'),
(224, 1, '09-10', 2014, 4, 1, 1, 2, 3, '2014-11-23 06:05:34'),
(225, 1, '09-10', 2014, 4, 1, 1, 2, 3, '2014-11-23 06:05:44'),
(226, 1, '09-10', 2014, 4, 1, 1, 2, 3, '2014-11-23 06:05:54'),
(227, 1, '09-10', 2014, 4, 1, 1, 2, 3, '2014-11-23 06:06:04'),
(228, 1, '09-10', 2014, 4, 1, 1, 2, 3, '2014-11-23 06:06:14'),
(229, 1, '09-10', 2014, 4, 1, 1, 2, 3, '2014-11-23 06:06:24'),
(230, 1, '09-10', 2014, 4, 1, 1, 2, 3, '2014-11-23 06:06:34'),
(231, 1, '09-10', 2014, 4, 1, 1, 2, 3, '2014-11-23 06:06:44'),
(232, 1, '09-10', 2014, 4, 1, 1, 2, 3, '2014-11-23 06:06:54'),
(233, 1, '09-10', 2014, 4, 1, 1, 2, 3, '2014-11-23 06:07:04'),
(234, 1, '09-10', 2014, 4, 1, 1, 2, 3, '2014-11-23 06:07:14'),
(235, 1, '09-10', 2014, 4, 1, 1, 2, 3, '2014-11-23 06:07:24'),
(236, 1, '09-10', 2014, 4, 1, 1, 2, 3, '2014-11-23 06:07:34'),
(237, 1, '09-10', 2014, 4, 1, 1, 2, 3, '2014-11-23 06:07:44'),
(238, 1, '09-10', 2014, 4, 1, 1, 2, 3, '2014-11-23 06:07:54'),
(239, 1, '09-10', 2014, 4, 1, 1, 2, 3, '2014-11-23 06:08:04'),
(240, 1, '09-10', 2014, 4, 1, 1, 2, 3, '2014-11-23 06:08:14'),
(241, 1, '09-10', 2014, 4, 1, 1, 2, 3, '2014-11-23 06:08:24'),
(242, 1, '09-10', 2014, 4, 1, 1, 2, 3, '2014-11-23 06:08:34'),
(243, 1, '09-10', 2014, 4, 1, 1, 2, 3, '2014-11-23 06:08:44'),
(244, 1, '09-10', 2014, 4, 1, 1, 2, 3, '2014-11-23 06:08:54'),
(245, 1, '09-10', 2014, 4, 1, 1, 2, 3, '2014-11-23 06:09:04'),
(246, 1, '09-10', 2014, 4, 1, 1, 2, 3, '2014-11-23 06:09:14'),
(247, 1, '09-10', 2014, 4, 1, 1, 2, 3, '2014-11-23 06:09:24'),
(248, 1, '09-10', 2014, 4, 1, 1, 2, 3, '2014-11-23 06:09:34'),
(249, 1, '09-10', 2014, 4, 1, 1, 2, 3, '2014-11-23 06:09:44'),
(250, 1, '09-10', 2014, 4, 1, 1, 2, 3, '2014-11-23 06:09:54'),
(251, 1, '09-10', 2014, 4, 1, 1, 2, 3, '2014-11-23 06:10:04'),
(252, 1, '09-10', 2014, 4, 1, 1, 2, 3, '2014-11-23 06:10:14'),
(253, 1, '09-10', 2014, 4, 1, 1, 2, 3, '2014-11-23 06:10:24'),
(254, 1, '09-10', 2014, 4, 1, 1, 2, 3, '2014-11-23 06:10:34'),
(255, 1, '09-10', 2014, 4, 1, 1, 2, 3, '2014-11-23 06:10:44'),
(256, 1, '09-10', 2014, 4, 1, 1, 2, 3, '2014-11-23 06:10:54'),
(257, 1, '09-10', 2014, 4, 1, 1, 2, 3, '2014-11-23 06:11:04'),
(258, 1, '09-10', 2014, 4, 1, 1, 2, 3, '2014-11-23 06:11:14'),
(259, 1, '09-10', 2014, 4, 1, 1, 2, 3, '2014-11-23 06:11:24'),
(260, 1, '09-10', 2014, 4, 1, 1, 2, 3, '2014-11-23 06:11:34'),
(261, 1, '09-10', 2014, 4, 1, 1, 2, 3, '2014-11-23 06:11:44'),
(262, 1, '09-10', 2014, 4, 1, 1, 2, 3, '2014-11-23 06:11:54'),
(263, 1, '09-10', 2014, 4, 1, 1, 2, 3, '2014-11-23 06:12:04'),
(264, 1, '09-10', 2014, 4, 1, 1, 2, 3, '2014-11-23 06:12:14'),
(265, 1, '09-10', 2014, 4, 1, 1, 2, 3, '2014-11-23 06:12:24'),
(266, 1, '09-10', 2014, 4, 1, 1, 2, 3, '2014-11-23 06:12:34'),
(267, 1, '09-10', 2014, 4, 1, 1, 2, 3, '2014-11-23 06:12:44'),
(268, 1, '09-10', 2014, 4, 1, 1, 2, 3, '2014-11-23 06:12:54'),
(269, 1, '09-10', 2014, 4, 1, 1, 2, 3, '2014-11-23 06:13:04'),
(270, 1, '09-10', 2014, 4, 1, 1, 2, 3, '2014-11-23 06:13:14'),
(271, 1, '09-10', 2014, 4, 1, 1, 2, 3, '2014-11-23 06:13:24'),
(272, 1, '09-10', 2014, 4, 1, 1, 2, 3, '2014-11-23 06:13:34'),
(273, 1, '09-10', 2014, 4, 1, 1, 2, 3, '2014-11-23 06:13:44'),
(274, 1, '09-10', 2014, 4, 1, 1, 2, 3, '2014-11-23 06:13:54'),
(275, 1, '09-10', 2014, 4, 1, 1, 2, 3, '2014-11-23 06:14:04'),
(276, 1, '09-10', 2014, 4, 1, 1, 2, 3, '2014-11-23 06:14:14'),
(277, 1, '09-10', 2014, 4, 1, 1, 2, 3, '2014-11-23 06:14:24'),
(278, 1, '09-10', 2014, 4, 1, 1, 2, 3, '2014-11-23 06:14:34'),
(279, 1, '09-10', 2014, 4, 1, 1, 2, 3, '2014-11-23 06:14:44'),
(280, 1, '09-10', 2014, 4, 1, 1, 2, 3, '2014-11-23 06:14:54'),
(281, 1, '09-10', 2014, 4, 1, 1, 2, 3, '2014-11-23 06:15:04'),
(282, 1, '09-10', 2014, 4, 1, 1, 2, 3, '2014-11-23 06:15:14'),
(283, 1, '09-10', 2014, 4, 1, 1, 2, 3, '2014-11-23 06:15:24'),
(284, 1, '09-10', 2014, 4, 1, 1, 2, 3, '2014-11-23 06:15:34'),
(285, 1, '09-10', 2014, 4, 1, 1, 2, 3, '2014-11-23 06:15:44'),
(286, 1, '09-10', 2014, 4, 1, 1, 2, 3, '2014-11-23 06:15:54'),
(287, 1, '09-10', 2014, 4, 1, 1, 2, 3, '2014-11-23 06:16:04'),
(288, 1, '09-10', 2014, 4, 1, 1, 2, 3, '2014-11-23 06:16:14'),
(289, 1, '09-10', 2014, 4, 1, 1, 2, 3, '2014-11-23 06:16:24'),
(290, 1, '09-10', 2014, 4, 1, 1, 2, 3, '2014-11-23 06:16:34'),
(291, 1, '09-10', 2014, 4, 1, 1, 2, 3, '2014-11-23 06:16:44'),
(292, 1, '09-10', 2014, 4, 1, 1, 2, 3, '2014-11-23 06:16:54'),
(293, 1, '09-10', 2014, 4, 1, 1, 2, 3, '2014-11-23 06:17:04'),
(294, 1, '09-10', 2014, 4, 1, 1, 2, 3, '2014-11-23 06:17:14'),
(295, 1, '09-10', 2014, 4, 1, 1, 2, 3, '2014-11-23 06:17:24'),
(296, 1, '09-10', 2014, 4, 1, 1, 2, 3, '2014-11-23 06:17:34'),
(297, 1, '09-10', 2014, 4, 1, 1, 2, 3, '2014-11-23 06:17:44');

DELIMITER $$
--
-- Eventos
--
CREATE DEFINER=`root`@`localhost` EVENT `generateFalseReservations` ON SCHEDULE EVERY 10 SECOND STARTS '2014-11-22 00:43:04' ON COMPLETION NOT PRESERVE DISABLE DO BEGIN
	
		INSERT INTO `t_temporary_schedule`(`team_id`, `reservation_time`, `reservation_year`, `reservation_month`, `reservation_day`, `pitch_id`, `group_id`, `state`) VALUES ('1','09-10','2014','04','01','1','2','1');
	    
	END$$

CREATE DEFINER=`root`@`localhost` EVENT `checkExpiredReservations` ON SCHEDULE EVERY 10 SECOND STARTS '2014-11-22 23:39:39' ON COMPLETION NOT PRESERVE ENABLE DO BEGIN

		UPDATE `t_temporary_schedule` SET `state`='3' WHERE temporary_date_made < DATE_SUB(NOW(),INTERVAL 10 MINUTE) AND `state`!='3';

	END$$

DELIMITER ;

/*!40101 SET CHARACTER_SET_CLIENT=@OLD_CHARACTER_SET_CLIENT */;
/*!40101 SET CHARACTER_SET_RESULTS=@OLD_CHARACTER_SET_RESULTS */;
/*!40101 SET COLLATION_CONNECTION=@OLD_COLLATION_CONNECTION */;
